{
    "total_runtime": 2200.6229231357574,
    "num_documents": 7,
    "input_load_time": 0,
    "workflows": {
        "create_base_text_units": {
            "overall": 2.651684045791626
        },
        "create_final_documents": {
            "overall": 0.011430978775024414
        },
        "extract_graph": {
            "overall": 891.2423250675201
        },
        "compute_communities": {
            "overall": 6.311954975128174
        },
        "create_final_entities": {
            "overall": 0.12467288970947266
        },
        "create_final_relationships": {
            "overall": 0.014157772064208984
        },
        "create_final_nodes": {
            "overall": 0.01783013343811035
        },
        "create_final_communities": {
            "overall": 0.03800034523010254
        },
        "create_final_text_units": {
            "overall": 0.023066282272338867
        },
        "create_final_community_reports": {
            "overall": 1154.9345469474792
        },
        "generate_text_embeddings": {
            "overall": 145.18662977218628
        }
    }
}