Year,PE_Ratio,PB_Ratio
2019,45.2,12.5
2020,42.8,11.8
2021,38.5,11.2
2022,35.2,10.8
2023,24.444444444444443,9.336275674758106
