Year,Debt_to_Equity,Net_Profit_Margin
2019,0.287001287001287,48.23832377384994
2020,0.278772378516624,49.18879056047197
2021,0.2578616352201258,47.92618308057738
2022,0.2453300124533001,49.17287338298707
2023,0.2330456226880394,49.77317353916988
