Metric,Stability_Score
毛利率,99.65071501606855
ROE,98.84025864952568
营收增长率,97.56385664934872
净利润增长率,96.63126785653786
