Metric,Stability_Score
营收增长率稳定性,97.56385664934872
净利润增长率稳定性,96.63126785653786
每股收益增长率稳定性,96.72474377871855
