Year,Revenue_Growth,Net_Profit_Growth
2020,11.108509891138961,13.297743266197504
2021,15.318162663295398,12.358106660955247
2022,16.526585053900988,19.557758292032034
2023,15.789886319090552,17.203443877551017
