Year,Revenue_Growth_Rate,Net_Profit_Growth_Rate,EPS_Growth_Rate
2020,11.10850989113896,13.297743266197504,13.414634146341475
2021,15.318162663295398,12.358106660955247,12.365591397849451
2022,16.526585053900988,19.55775829203203,19.37799043062201
2023,15.789886319090552,17.203443877551017,17.234468937875747
