Year,Revenue_亿,Net_Profit_亿,Gross_Margin,ROE,Debt_Ratio,Current_Ratio,EPS,Dividend_Yield,Debt_to_Equity,Net_Profit_Margin,Operating_Cash_Flow_亿,Free_Cash_Flow_亿,Cash_Ratio,Interest_Coverage
2019,854.3,412.1,91.4,33.1,22.3,3.2,32.8,1.2,0.287001287001287,48.23832377384994,450.2,420.1,1.8,85.2
2020,949.2,466.9,91.7,31.4,21.8,3.4,37.2,1.3,0.27877237851662406,49.18879056047197,520.8,480.5,2.1,92.5
2021,1094.6,524.6,91.9,29.9,20.5,3.6,41.8,1.4,0.2578616352201258,47.92618308057738,580.3,540.2,2.3,105.3
2022,1275.5,627.2,92.1,30.9,19.7,3.8,49.9,1.5,0.24533001245330013,49.17287338298707,680.5,630.8,2.5,118.7
2023,1476.9,735.1,92.3,31.2,18.9,4.1,58.5,1.6,0.23304562268803947,49.77317353916988,790.2,730.5,2.7,125.4
