revenue_cagr,profit_cagr,eps_cagr,revenue_growth_std,profit_growth_std,overall_growth_score,growth_quality
14.666134167538969,15.567562135452583,15.563451840538555,2.4361433506512724,3.3687321434621396,70.2241510901575,97.09756225294329
