Year,Revenue_亿,Net_Profit_亿,Gross_Margin,ROE,Debt_Ratio,Current_Ratio,EPS,Dividend_Yield,Revenue_Growth_Rate,Net_Profit_Growth_Rate,EPS_Growth_Rate,Net_Profit_Margin
2019,854.3,412.1,91.4,33.1,22.3,3.2,32.8,1.2,,,,48.23832377384994
2020,949.2,466.9,91.7,31.4,21.8,3.4,37.2,1.3,11.108509891138961,13.297743266197504,13.414634146341475,49.18879056047197
2021,1094.6,524.6,91.9,29.9,20.5,3.6,41.8,1.4,15.318162663295398,12.358106660955247,12.365591397849451,47.92618308057738
2022,1275.5,627.2,92.1,30.9,19.7,3.8,49.9,1.5,16.526585053900988,19.557758292032034,19.377990430622006,49.17287338298707
2023,1476.9,735.1,92.3,31.2,18.9,4.1,58.5,1.6,15.789886319090552,17.203443877551017,17.234468937875747,49.77317353916988
