avg_gross_margin,avg_roe,revenue_cagr,profit_cagr,revenue_growth_std,profit_growth_std
91.88000000000001,31.3,14.666134167538969,15.567562135452583,2.4361433506512724,3.3687321434621396
