current_pe,current_pb,current_peg,dividend_yield,pe_percentile,pb_percentile,overall_valuation_score,valuation_opinion
24.444444444444443,9.336275674758106,1.5702165972908635,1.6,64.82758620689658,79.03225806451614,73.82581671581801,合理
