年份,PE,PB,PS
2018,23.19318181818182,6.468071620979242,11.086366105377513
2019,35.04974520747392,9.92032967032967,16.25661226786719
2020,47.07646176911545,12.914977378224338,22.430860291866516
2021,47.88410217308426,12.767471410419317,22.949022473963097
2022,36.045918367346935,9.875939192731089,17.72481379851039
2023,28.57219322895758,8.014413332332408,14.457309228790033
