年份,ROE(%)_变化率(%),毛利率(%)_变化率(%),净利率(%)_变化率(%),ROA(%)_变化率(%)
2019,1.4908177759740182,0.12262912745402144,-2.9677060418478396,1.2342708565623584
2020,-3.0721463096635593,-0.01461659260850734,2.729916207793126,-2.635166523708543
2021,-2.809523900239008,0.1633108465551869,0.5844223616572775,-2.372659439457381
2022,2.756373160743064,0.015540782977563339,2.6012718357179665,3.211462304320012
2023,2.377812518671596,0.10514999695316884,2.9006942889891585,2.802871703874965
