年份,PE,PB
2018,23.19318181818182,6.468071620979242
2019,35.04974520747392,9.92032967032967
2020,47.07646176911545,12.914977378224338
2021,47.88410217308426,12.767471410419317
2022,36.045918367346935,9.875939192731089
2023,28.57219322895758,8.014413332332408
