年份,PS,PEG
2018,11.086366105377513,
2019,16.25661226786719,2.05283033494689
2020,22.430860291866516,3.5401842874183407
2021,22.949022473963097,3.874711837887872
2022,17.72481379851039,1.8430495882563545
2023,14.457309228790033,1.4921298578852802
