年份,ROE(%),毛利率(%),净利率(%),ROA(%)
2018,27.887814926319127,69.71754481260184,47.80010863661054,22.190001891193344
2019,28.303571428571427,69.8030388294879,46.381541924592014,22.463886617606978
2020,27.43404430342558,69.79283600367384,47.647719155015814,21.871925797535955
2021,26.66327827191868,69.90681527498631,47.92618308057738,21.352979485509604
2022,27.398217717980085,69.91767934143472,49.17287338298707,22.03872237253593
2023,28.049695968771115,69.99119777913197,50.59922811293925,22.6564394858113
