年份,ROE(%),ROA(%)
2018,27.887814926319127,22.190001891193344
2019,28.303571428571427,22.463886617606978
2020,27.43404430342558,21.871925797535955
2021,26.66327827191868,21.352979485509604
2022,27.398217717980085,22.03872237253593
2023,28.049695968771115,22.6564394858113
