年份,ROE(%),毛利率(%),净利率(%),营业利润率(%),ROA(%),销售净利率(%),销售费用率(%),管理费用率(%),总费用率(%),EBIT利润率(%)
2018,27.887814926319127,69.71754481260184,47.80010863661054,51.37153720803911,22.190001891193344,47.80010863661054,3.5035306898424774,6.137968495382944,9.641499185225422,51.37153720803911
2019,28.303571428571427,69.8030388294879,46.381541924592014,49.859313449634215,22.463886617606978,46.381541924592014,3.33145751266179,5.8638154192459195,9.19527293190771,49.859313449634215
2020,27.43404430342558,69.79283600367384,47.647719155015814,51.239922441065424,21.871925797535955,47.647719155015814,3.275844473925911,5.949586692519645,9.225431166445556,51.239922441065424
2021,26.663278271918678,69.90681527498631,47.92618308057738,51.5530787502284,21.352979485509604,47.92618308057738,3.234058103416773,5.919970765576466,9.15402886899324,51.5530787502284
2022,27.398217717980085,69.91767934143472,49.17287338298707,52.904743237945894,22.03872237253593,49.17287338298707,3.049784398275186,5.6526852214817715,8.702469619756958,52.904743237945894
2023,28.049695968771115,69.99119777913197,50.59922811293925,54.30970275577223,22.6564394858113,50.59922811293925,2.864107251675807,5.382896607759496,8.247003859435303,54.30970275577223
