年份,股价(元),市值(亿元),EPS(元),PE,每股净资产(元),PB,PS,PEG,每股股息(元),股息率(%),EV(亿元),EBITDA(亿元),EV/EBITDA
2018,650,8164.0,28.025477707006367,23.19318181818182,100.49363057324841,6.468071620979242,11.086366105377513,,14.012738853503183,2.155805977462028,8375.7,387.27000000000004,21.627546672863893
2019,1150,14444.0,32.810509554140125,35.04974520747392,115.92356687898089,9.92032967032967,16.25661226786719,2.05283033494689,16.405254777070063,1.4265438936582664,14685.8,452.42,32.46054551080854
2020,1750,21980.0,37.173566878980886,47.07646176911545,135.5015923566879,12.914977378224338,22.430860291866516,3.5401842874183407,18.586783439490443,1.0621019108280254,22253.899999999998,511.98,43.46634634165397
2021,2000,25120.0,41.767515923566876,47.88410217308426,156.6480891719745,12.767471410419315,22.949022473963094,3.874711837887872,20.883757961783438,1.044187898089172,25425.0,574.67,44.24278281448484
2022,1800,22608.0,49.93630573248408,36.045918367346935,182.26114649681526,9.875939192731087,17.72481379851039,1.8430495882563545,24.96815286624204,1.3871196036801134,22950.9,685.6899999999999,33.47124794003121
2023,1700,21352.0,59.4984076433121,28.57219322895758,212.11783439490443,8.014413332332408,14.457309228790033,1.4921298578852802,29.74920382165605,1.7499531659797678,21738.100000000002,813.53,26.72071097562475
